ConsumerID,TBAmount,Phone
2.10119E+11,"Ksh.5,053.80",701440525
2.10121E+11,"Ksh.2,695.00",701440525
